Date,Open,High,Low,Close,Adj Close,Volume,SMA(Open) 10D,SMA(High) 10D,SMA(Low) 10D,SMA(Close) 10D,SMA(Adj Close) 10D,SMA(Volume) 10D,
2020-07-06,1805,1858,1792.099976,1851.800049,1845.862061,21697962,1805.000000,1858.000000,1792.099976,1851.800049,1845.862061,21697962.000000
2020-07-07,1860,1864.349976,1806.300049,1823.449951,1817.602905,16239990,1832.500000,1861.174988,1799.200012,1837.625000,1831.732483,18968976.000000
2020-07-08,1824.050049,1834.949951,1790,1798,1792.234497,12093186,1829.683350,1852.433309,1796.133342,1824.416667,1818.566488,16677046.000000
2020-07-09,1809,1835,1786.25,1824.25,1818.400391,16807336,1824.512512,1848.074982,1793.662506,1824.375000,1818.524964,16709618.500000
2020-07-10,1828.5,1884.599976,1824.25,1878.050049,1872.027832,20195218,1825.310010,1855.379981,1799.780005,1835.110010,1829.225537,17406738.400000
2020-07-13,1903.349976,1947.699951,1900,1935,1928.795166,32124262,1838.316671,1870.766642,1816.483337,1851.758341,1845.820475,19859659.000000
2020-07-14,1934,1941.699951,1887.300049,1917,1910.852905,31073305,1851.985718,1880.899972,1826.600011,1861.078578,1855.110822,21461608.428571
2020-07-15,1937.949951,1978.800049,1798,1844,1838.087036,64457578,1862.731247,1893.137482,1823.025009,1858.943756,1852.982849,26836104.625000
2020-07-16,1847,1869,1812.449951,1843.400024,1837.489014,28133826,1860.983331,1890.455539,1821.850003,1857.216675,1851.261312,26980295.888889,
2020-07-17,1845,1920,1838,1911.699951,1905.569824,22948894,1859.384998,1893.409985,1823.465002,1862.665002,1856.692163,26577155.700000,
2020-07-20,1917.800049,1932,1899.650024,1919.900024,1913.743652,16887635,1864.695457,1896.918169,1830.390914,1867.868186,1861.878662,25696290.181818,
2020-07-21,1939,1977,1936.5,1971.550049,1965.228027,19463004,1870.887502,1903.591655,1839.233337,1876.508341,1870.491109,25176849.666667,
2020-07-22,1983,2010,1960.699951,2004,1997.573975,27584518,1879.511540,1911.776912,1848.576923,1886.315392,1880.266714,25362054.923077
2020-07-23,2003.949951,2079.699951,1991.349976,2057.800049,2051.201416,26921017,1888.399998,1923.771415,1858.774998,1898.564296,1892.476336,25473409.357143
2020-07-24,2058,2163,2057.800049,2146.149902,2139.268066,55655668,1899.706665,1939.719987,1872.043335,1915.070003,1908.929118,27485559.933333
2020-07-27,2178.800049,2198.800049,2127.899902,2156.199951,2149.285889,37060665,1917.150002,1955.912491,1888.034370,1930.140625,1923.951416,28084004.000000
2020-07-28,2156.199951,2194,2150.649902,2177.699951,2170.716797,25435297,1931.211763,1969.917638,1903.482343,1944.702938,1938.467027,27928197.705882
2020-07-29,2177.899902,2182.800049,2070.449951,2096.649902,2089.926758,33534147,1944.916660,1981.744439,1912.758321,1953.144436,1946.881456,28239639.333333
2020-07-30,2099,2139.699951,2072,2108.850098,2102.087891,33623699,1953.026309,1990.057887,1921.139462,1961.339471,1955.050216,28523010.894737
2020-07-31,2114.5,2129,2052.800049,2067.100098,2060.47168,34593133,1961.099994,1997.004993,1927.722491,1966.627502,1960.321289,28826517.000000
2020-08-03,2051.300049,2057,2003.099976,2009,2002.557861,21559142,1965.395235,1999.861898,1931.311895,1968.645240,1962.332554,28480451.523810
2020-08-04,2020.599976,2167,2000.25,2150.600098,2143.703857,42476932,1967.904541,2007.459084,1934.445446,1976.915916,1970.576705,29116655.181818
2020-08-05,2169,2196,2118.300049,2126.449951,2119.631348,34404810,1976.647822,2015.656515,1942.439124,1983.417396,1977.057341,29346574.956522
2020-08-06,2157,2167.699951,2107.800049,2134.100098,2127.256836,22762545,1984.162496,2021.991659,1949.329163,1989.695841,1983.315654,29072240.375000
2020-08-07,2129.800049,2157.800049,2120.199951,2146.449951,2139.567139,15222303,1989.987998,2027.423994,1956.163994,1995.966006,1989.565713,28518242.880000
2020-08-10,2159.100098,2165,2108.100098,2119.850098,2113.05249,12441573,1996.492310,2032.715379,1962.007690,2000.730779,1994.315204,27899909.423077
2020-08-11,2134.800049,2160,2100.350098,2133.800049,2126.957764,21611256,2001.614818,2037.429624,1967.131483,2005.659270,1999.227892,27666996.333333
2020-08-12,2121,2145,2106.800049,2127.600098,2120.777832,13967116,2005.878575,2041.271423,1972.119646,2010.014300,2003.568961,27177714.892857
2020-08-13,2128,2138.899902,2110,2122.050049,2115.245361,11459190,2010.089659,2044.637923,1976.874141,2013.877601,2007.419871,26635696.793103
2020-08-14,2122.550049,2157,2089.25,2113.800049,2107.021973,15333164,2013.838338,2048.383325,1980.620003,2017.208350,2010.739941,26258945.700000
2020-08-17,2105,2105,2070.100098,2091.350098,2084.644043,14296834,2016.779037,2050.209670,1983.506458,2019.600019,2013.123945,25873071.129032
2020-08-18,2085,2134.300049,2082.350098,2118.550049,2111.756592,14097746,2018.910942,2052.837494,1986.595322,2022.692207,2016.206215,25505092.218750
2020-08-19,2141,2154,2121.350098,2131.550049,2124.715088,15731396,2022.610611,2055.903024,1990.678800,2025.990930,2019.494363,25208919.606061
2020-08-20,2120,2123.899902,2088,2097.050049,2090.325684,10401212,2025.475004,2057.902933,1993.541188,2028.080904,2021.577637,24773398.794118
2020-08-21,2118,2122,2077,2081.850098,2075.174316,11667129,2028.118576,2059.734277,1995.925726,2029.617167,2023.108970,24398933.942857
2020-08-24,2091.399902,2104.5,2070.5,2095.75,2089.029785,15098991,2029.876390,2060.977770,1997.997233,2031.454190,2024.940104,24140602.194444
2020-08-25,2106,2111.300049,2078,2082.100098,2075.423584,8947563,2031.933785,2062.337831,2000.159470,2032.822998,2026.304523,23729979.513514
2020-08-26,2085,2147.949951,2047,2137.300049,2130.446533,27630190,2033.330264,2064.590782,2001.392116,2035.572394,2029.045102,23832616.631579
2020-08-27,2148,2150,2103.25,2110.600098,2103.832275,12961252,2036.270514,2066.780762,2004.003856,2037.496181,2030.962722,23553863.692308
2020-08-28,2120,2132.899902,2106.25,2116.149902,2109.364258,12537520,2038.363751,2068.433740,2006.560010,2039.462524,2032.922760,23278455.100000
2020-08-31,2174,2174,2060.350098,2080.699951,2074.028076,28648125,2041.671952,2071.008527,2007.871963,2040.468315,2033.925329,23409422.658537
2020-09-01,2100,2122.399902,2062.399902,2087.25,2080.556885,17821397,2043.060715,2072.232131,2009.170247,2041.582165,2035.035604,23276374.428571
2020-09-02,2092,2138,2085,2128.199951,2121.375732,12437162,2044.198838,2073.761617,2010.933730,2043.596532,2037.043514,23024299.720930
2020-09-03,2128,2138.75,2103,2112.100098,2105.327393,8577634,2046.103410,2075.238625,2013.026145,2045.153431,2038.595420,22695966.409091
2020-09-04,2083.550049,2096.949951,2072.199951,2077.25,2070.589111,13141644,2046.935558,2075.721099,2014.341119,2045.866688,2039.306391,22483648.133333
2020-09-07,2084,2105.75,2044.25,2082.649902,2075.97168,10119064,2047.741306,2076.373901,2014.991312,2046.666324,2040.103463,22214852.826087
2020-09-08,2092,2121,2080.5,2107.100098,2100.343506,12643749,2048.682981,2077.323393,2016.385114,2047.952148,2041.385166,22011212.319149
2020-09-09,2085,2167.800049,2081.449951,2161.350098,2154.419434,25525961,2049.439585,2079.208323,2017.740631,2050.314606,2043.740046,22084436.250000
2020-09-10,2183.100098,2344.949951,2175.350098,2314,2306.579834,64750460,2052.167351,2084.631622,2020.957151,2055.695940,2049.104124,22955171.428571
2020-09-11,2312,2337.850098,2287.100098,2319.75,2312.311523,27445768,2057.364004,2089.695991,2026.280010,2060.977022,2054.368272,23044983.360000
2020-09-14,2325,2360,2282,2302.550049,2295.166748,20335273,2062.611769,2094.996070,2031.294127,2065.713748,2059.089810,22991851.784314
2020-09-15,2311.949951,2325.75,2288.149902,2318.850098,2311.414551,12542824,2067.406734,2099.433645,2036.233661,2070.581754,2063.942209,22790908.942308
2020-09-16,2320,2369.350098,2310.550049,2324.550049,2317.096191,15668979,2072.172644,2104.526409,2041.409442,2075.373609,2068.718699,22656532.905660
2020-09-17,2320,2333.699951,2291.850098,2298.75,2291.378906,11919927,2076.762040,2108.770363,2046.047232,2079.510209,2072.842037,22457706.870370
2020-09-18,2314.25,2319.449951,2276.550049,2305.699951,2298.306396,15264068,2081.080003,2112.600901,2050.238193,2083.622750,2076.941388,22326913.436364
2020-09-21,2300,2336,2247.350098,2255.850098,2248.616455,15519031,2084.989288,2116.590171,2053.758048,2086.698238,2080.007015,22205344.107143
2020-09-22,2277,2277,2201.550049,2211.149902,2204.05957,16056620,2088.357897,2119.404378,2056.350890,2088.881600,2082.183375,22097471.754386
2020-09-23,2260,2276.75,2205.300049,2230.800049,2223.646729,19839282,2091.317244,2122.117234,2058.918979,2091.328470,2084.622399,22058537.448276
2020-09-24,2207.899902,2226,2176.050049,2181.199951,2174.205811,13764841,2093.293221,2123.877959,2060.904251,2092.851716,2086.140762,21917966.322034
2020-09-25,2189,2212.800049,2167.300049,2201.699951,2194.639893,13095028,2094.888334,2125.359993,2062.677515,2094.665853,2087.949080,21770917.350000
2020-09-28,2227,2238,2207.050049,2216.25,2209.143311,9076248,2097.054099,2127.206551,2065.044278,2096.659036,2089.935871,21562808.016393
2020-09-29,2225,2264,2216.25,2245.050049,2237.851074,11926328,2099.117743,2129.412897,2067.483080,2099.052439,2092.321600,21407380.919355
2020-09-30,2260,2267,2225,2234.350098,2227.185303,11290667,2101.671429,2131.596819,2069.983348,2101.200021,2094.462294,21246798.158730
2020-10-01,2263.800049,2263.800049,2214,2225.25,2218.114502,9591456,2104.204689,2133.662495,2072.233608,2103.138302,2096.394360,21064683.437500
2020-10-05,2244,2249.149902,2206,2212.199951,2205.106201,8732869,2106.355386,2135.439224,2074.291553,2104.816173,2098.066849,20874963.215385
2020-10-06,2225.25,2233.899902,2201.649902,2210.350098,2203.262451,8497216,2108.156820,2136.931052,2076.221225,2106.415172,2099.660722,20687421.590909
2020-10-07,2235,2309,2220,2257.5,2250.260986,24538346,2110.050001,2139.499246,2078.367177,2108.670170,2101.908487,20744898.074627
2020-10-08,2259,2268,2222.100098,2239.25,2232.06958,9727405,2112.240443,2141.388963,2080.480896,2110.590461,2103.822621,20582876.117647
2020-10-09,2235,2253,2217.100098,2233.449951,2226.288086,8558745,2114.019567,2143.006514,2082.460884,2112.371034,2105.597483,20408613.347826
2020-10-12,2235,2255.75,2226.25,2237.050049,2229.876709,6565515,2115.747859,2144.617135,2084.515015,2114.152162,2107.372900,20210854.800000
2020-10-13,2230.600098,2285.75,2225.850098,2280.699951,2273.386719,10666190,2117.365496,2146.604922,2086.505650,2116.497906,2109.711123,20076422.901408
2020-10-14,2278.899902,2304,2268.5,2287.5,2280.164795,12341434,2119.609029,2148.790965,2089.033349,2118.872935,2112.078535,19968992.500000
2020-10-15,2290,2290,2195,2206.5,2199.424561,9246702,2121.943152,2150.725335,2090.484947,2120.073306,2113.275056,19822111.808219
2020-10-16,2215,2232.5,2172.649902,2175.800049,2168.822998,9960828,2123.200677,2151.830398,2091.595284,2120.826370,2114.025704,19688851.216216
2020-10-19,2190.050049,2228.699951,2155.149902,2176.199951,2169.22168,14398973,2124.092002,2152.855326,2092.442679,2121.564684,2114.761650,19618319.506667
2020-10-20,2179,2193,2152.25,2155.899902,2148.986816,8529573,2124.814476,2153.383545,2093.229618,2122.016463,2115.211982,19472414.947368
2020-10-21,2168,2192,2097.75,2124.600098,2117.787354,15728986,2125.375327,2153.885057,2093.288324,2122.050017,2115.245428,19423798.987013
2020-10-22,2127.399902,2132.5,2091,2106.949951,2100.193848,14215215,2125.401283,2153.610890,2093.258986,2121.856427,2115.052459,19357022.269231
2020-10-23,2106,2135,2096.399902,2113.050049,2106.274414,10809307,2125.155697,2153.375309,2093.298745,2121.744953,2114.941344,19248823.341772
2020-10-26,2101.949951,2101.949951,2018.5,2029.099976,2022.593384,17225212,2124.865625,2152.732492,2092.363760,2120.586891,2113.786995,19223528.200000
2020-10-27,2034.900024,2059.850098,2005,2034.5,2027.976196,16835005,2123.754939,2151.585796,2091.285195,2119.524090,2112.727602,19194040.259259
2020-10-28,2041.800049,2057.699951,2007.400024,2011.449951,2005,13809929,2122.755489,2150.440847,2090.262206,2118.206113,2111.413851,19128380.365854
2020-10-29,1997,2042,1991,2026.900024,2020.400513,14147418,2121.240362,2149.134330,2089.066275,2117.106039,2110.317305,19068368.771084
2020-10-30,2033.5,2065.100098,2021.800049,2054.5,2047.911987,15700946,2120.195834,2148.133923,2088.265487,2116.360729,2109.574384,19028280.404762
2020-11-02,2027,2027,1859.150024,1877.449951,1871.429688,45857806,2119.099413,2146.708818,2085.570011,2113.550014,2106.772682,19343921.882353
2020-11-03,1890,1909,1835.099976,1850.400024,1844.466553,40931170,2116.435466,2143.944762,2082.657569,2110.490131,2103.722611,19594936.395349
2020-11-04,1837,1929,1837,1913.199951,1907.065063,37003111,2113.223564,2141.474132,2079.833918,2108.222428,2101.462179,19795030.356322
2020-11-05,1954.949951,1960.949951,1932,1955,1948.731079,17170274,2111.425000,2139.422721,2078.153988,2106.481264,2099.726599,19765203.579545
2020-11-06,1990,2040,1978.150024,2029.150024,2022.643311,30770080,2110.060674,2138.305612,2077.030348,2105.612373,2098.860494,19888853.876404
2020-11-09,2062.100098,2069,2036,2050.699951,2044.124146,16539467,2109.527779,2137.535550,2076.574455,2105.002235,2098.252313,19851638.466667
2020-11-10,2077,2090,2041.199951,2084.550049,2077.865723,17045147,2109.170331,2137.013181,2076.185724,2104.777486,2098.028284,19820797.901099
2020-11-11,2089,2095,1978.099976,1997.199951,1990.795654,26178477,2108.951088,2136.556516,2075.119575,2103.608165,2096.862712,19889903.108696
2020-11-12,1981,2008.449951,1965,1980,1973.650879,18481466,2107.575270,2135.179026,2073.935493,2102.279045,2095.537854,19874758.623656
2020-11-13,1982,2036.650024,1981.75,1996.400024,1989.998291,20946864,2106.239363,2134.130845,2072.954796,2101.152672,2094.415092,19886164.000000
2020-11-14,1982,2036.650024,1981.75,1996.400024,1989.998291,20946864,2104.931580,2133.104731,2071.994746,2100.050013,2093.315968,19897329.263158
2020-11-17,2085,2085,1985,1993.25,1986.858398,21479385,2104.723960,2132.603640,2071.088551,2098.937513,2092.207035,19913809.010417
2020-11-18,1993.25,2006.5,1960.099976,1987.199951,1980.827759,14030652,2103.574744,2131.303603,2069.944338,2097.785579,2091.058795,19853157.907216
2020-11-19,1987.199951,2010.449951,1968.199951,1973.150024,1966.822876,12828008,2102.387246,2130.070402,2068.906130,2096.513788,2089.791082,19781472.704082
2020-11-20,1975,1983.800049,1895,1899.5,1893.409058,26522972,2101.100506,2128.592924,2067.149503,2094.523749,2087.807425,19849568.656566
2020-11-23,1951,1970,1926.25,1950.699951,1944.444824,20918665,2099.599501,2127.006995,2065.740508,2093.085511,2086.373799,19860259.620000
2020-11-24,1964,1974,1932,1964.050049,1957.752075,14277083,2098.256931,2125.492074,2064.416344,2091.807933,2085.100316,19804980.643564
2020-11-25,1980,1992.949951,1942.199951,1947.800049,1941.554199,15062376,2097.097550,2124.192641,2063.218144,2090.396091,2083.693002,19758484.519608
2020-11-26,1953.050049,1965,1930.050049,1952.599976,1946.338745,11924527,2095.699030,2122.647082,2061.925250,2089.058264,2082.359465,19682426.679612
2020-11-27,1940.5,1956.099976,1921.400024,1929.800049,1923.611938,21845931,2094.206732,2121.045667,2060.574046,2087.526935,2080.833047,19703229.605769
2020-12-01,1940.349976,1966.25,1930.050049,1954.900024,1948.63147,9114939,2092.741430,2119.571423,2059.330961,2086.263822,2079.573984,19602388.742857
2020-12-02,1958.5,1962,1935,1958.150024,1951.870972,10240168,2091.475001,2118.084900,2058.158027,2085.055201,2078.369239,19514065.905660
2020-12-03,1972,1981.099976,1958.650024,1964.050049,1957.752075,12822945,2090.358412,2116.804667,2057.228046,2083.924312,2077.241975,19451532.065421
2020-12-04,1969,1969,1940,1946.75,1940.507568,8521388,2089.234723,2115.436105,2056.142601,2082.654179,2075.975916,19350327.027778
2020-12-07,1940.599976,1965,1940.599976,1958.199951,1951.920776,8418767,2087.871102,2114.055957,2055.082577,2081.512397,2074.837795,19250037.486239
2020-12-08,1961.150024,2014.25,1950,1993.75,1987.356812,20030506,2086.719092,2113.148631,2054.127281,2080.714557,2074.042514,19257132.654545
2020-12-09,2009.949951,2033.800049,1999.25,2026.949951,2020.450317,13464375,2086.027478,2112.433778,2053.632891,2080.230192,2073.559701,19204945.648649
2020-12-10,2021.599976,2028.5,2001,2007,2000.564331,7414229,2085.452232,2111.684370,2053.162954,2079.576351,2072.907957,19099671.392857
2020-12-11,2013,2038,1974.25,2005.800049,1999.368286,12434745,2084.811062,2111.032296,2052.464609,2078.923463,2072.257163,19040689.743363
2020-12-14,2007.949951,2015,1986.349976,1991.300049,1984.914673,7989830,2084.136842,2110.189907,2051.884656,2078.154837,2071.491001,18943752.377193
2020-12-15,1989.699951,1989.699951,1961.099976,1974.349976,1968.019043,8561406,2083.315652,2109.142168,2051.095224,2077.252186,2070.591245,18853471.104348
2020-12-16,1988,1994.949951,1965.699951,1976.550049,1970.212036,8565904,2082.493965,2108.157753,2050.359058,2076.384064,2069.725907,18764785.181034
2020-12-17,1984.5,2005,1977.150024,1985.599976,1979.23291,9346460,2081.656410,2107.276063,2049.733340,2075.608131,2068.952462,18684286.675214
2020-12-18,1980.099976,2004.900024,1965,1991.550049,1985.16394,8522215,2080.795762,2106.408469,2049.015261,2074.895775,2068.242390,18598167.423729
2020-12-21,2010,2022,1855.25,1939.699951,1933.480103,20368545,2080.200840,2105.699154,2047.386981,2073.759675,2067.109934,18613044.546218
2020-12-22,1949,1958.900024,1888.449951,1936.699951,1930.489746,12986606,2079.107499,2104.475828,2046.062506,2072.617511,2065.971433,18566157.558333
2020-12-23,1930,1951.449951,1920.650024,1943.849976,1937.616821,8999898,2077.875206,2103.211151,2045.026039,2071.553316,2064.910651,18487097.561983
2020-12-24,1947,1998.800049,1945.900024,1994.150024,1987.755615,9588577,2076.802458,2102.355323,2044.213531,2070.918863,2064.278232,18414158.868852
2020-12-28,2006.699951,2018,1995.300049,2003.300049,1996.876221,7947719,2076.232519,2101.669507,2043.815860,2070.369117,2063.730248,18329065.861789
2020-12-29,2009,2012.300049,1982.550049,1990.050049,1983.668701,8589407,2075.690321,2100.948786,2043.321781,2069.721382,2063.084591,18250520.225806
2020-12-30,1995.25,2007.199951,1975.550049,1995.5,1989.101196,10173132,2075.046799,2100.198795,2042.779607,2069.127611,2062.492724,18185901.120000
2020-12-31,1993.5,2011.900024,1978.599976,1985.300049,1978.93396,8667516,2074.399602,2099.498011,2042.270245,2068.462313,2061.829559,18110358.380952
2021-01-01,1988,1997,1982,1987.5,1981.126831,4622002,2073.719290,2098.690940,2041.795676,2067.824815,2061.194104,18004150.850394
2021-01-04,1995.099976,1998.900024,1968,1990.849976,1984.466064,11312992,2073.105077,2097.911324,2041.219148,2067.223449,2060.594666,17951876.171875
2021-01-05,1969,1983.599976,1956,1966.099976,1959.79541,11132803,2072.298061,2097.025189,2040.558534,2066.439546,2059.813277,17899015.139535
2021-01-06,1965.900024,1966,1905.150024,1914.25,1908.111694,21414270,2071.479614,2096.017303,2039.516930,2065.268857,2058.646342,17926055.561538
2021-01-07,1920.5,1945,1905.150024,1911.150024,1905.021729,14918406,2070.327098,2094.864499,2038.491229,2064.092377,2057.473635,17903096.404580
2021-01-08,1918,1938.400024,1912.099976,1933.699951,1927.499268,12709792,2069.173105,2093.679162,2037.533719,2063.104556,2056.488980,17863753.189394
2021-01-11,1938.800049,1938.800049,1892.5,1897.25,1891.16626,15371556,2068.192856,2092.514658,2036.443240,2061.857529,2055.245952,17845014.864662
2021-01-12,1903,1960,1899.900024,1957.050049,1950.774536,18996047,2066.960074,2091.525742,2035.424261,2061.075384,2054.466315,17853604.656716
2021-01-13,1963.550049,1974.949951,1918.449951,1938.800049,1932.58313,12284876,2066.194074,2090.662218,2034.557784,2060.169641,2053.563477,17812354.814815
2021-01-14,1945,1966.900024,1939.050049,1960.599976,1954.31311,9946818,2065.302941,2089.752202,2033.855522,2059.437511,2052.833694,17754519.985294
2021-01-15,1960.599976,1973.800049,1920.050049,1937.449951,1931.237305,9503790,2064.538686,2088.905836,2033.024825,2058.547091,2051.946130,17694295.678832
2021-01-18,1949.099976,1997,1923.349976,1983.949951,1977.588257,16198856,2063.702173,2088.239851,2032.230080,2058.006532,2051.407304,17683459.159420
2021-01-19,1994.650024,2031,1994.650024,2016.400024,2009.934204,14771048,2063.205395,2087.828054,2031.959719,2057.707204,2051.108937,17662506.561151
2021-01-20,2021.400024,2058,2001.400024,2054.699951,2048.111328,14271669,2062.906785,2087.614996,2031.741436,2057.685724,2051.087525,17638286.292857
2021-01-21,2082,2120,2075,2099.399902,2092.667969,18038987,2063.042198,2087.844677,2032.048234,2057.981569,2051.382422,17641128.141844
2021-01-22,2111,2115.350098,2035.150024,2049.600098,2043.027832,14090818,2063.379929,2088.038377,2032.070078,2057.922545,2051.323587,17616125.957746
2021-01-25,2034.949951,2034.949951,1932,1941,1934.776001,25016570,2063.181118,2087.667130,2031.370287,2057.104905,2050.508569,17667877.314685
2021-01-27,1925,1925,1888,1895,1888.923462,19553809,2062.221527,2086.537497,2030.374660,2055.979176,2049.386450,17680974.062500
2021-01-28,1880.150024,1923.300049,1870,1876.550049,1870.532715,15722291,2060.965862,2085.411721,2029.268628,2054.741734,2048.152976,17667465.903448
2021-01-29,1894.300049,1913.099976,1830,1841.949951,1836.043579,20173258,2059.824315,2084.231504,2027.903774,2053.284256,2046.700172,17684628.863014
2021-02-01,1859.400024,1905,1848,1895.300049,1889.222534,15774504,2058.460884,2083.012242,2026.679939,2052.209533,2045.628895,17671634.816327
2021-02-02,1914.25,1940,1854.949951,1925.800049,1919.624756,19138414,2057.486486,2082.045943,2025.519601,2051.355415,2044.777516,17681545.486486
2021-02-03,1928.300049,1952,1900,1930.650024,1924.459229,13984228,2056.619463,2081.173151,2024.677188,2050.545312,2043.970011,17656731.275168
2021-02-04,1924,1940,1905,1924.300049,1918.129517,11826848,2055.735334,2080.231997,2023.879340,2049.703677,2043.131074,17617865.386667
2021-02-05,1930.050049,1944.650024,1920,1923.75,1917.581299,9344470,2054.902981,2079.334103,2023.191397,2048.869546,2042.299619,17563074.688742
2021-02-08,1933.050049,1969,1929.050049,1951.449951,1945.192383,9776136,2054.101317,2078.608221,2022.572046,2048.228628,2041.660755,17511844.828947
2021-02-09,1961.949951,1989.599976,1952.300049,1956.150024,1949.877441,9047308,2053.499020,2078.026468,2022.112752,2047.626807,2041.060864,17456521.058824
2021-02-10,1953.75,1984.75,1927.300049,1974.300049,1967.969238,9799560,2052.851299,2077.420776,2021.497085,2047.150659,2040.586243,17406800.532468
2021-02-11,1980,2064.199951,1972.25,2055.699951,2049.108154,19631870,2052.381291,2077.335481,2021.179362,2047.205816,2040.641224,17421155.819355
2021-02-12,2055.5,2078,2015.400024,2041.599976,2035.053345,14074374,2052.401283,2077.339740,2021.142315,2047.169881,2040.605404,17399702.089744
2021-02-15,2048.050049,2061.300049,2025,2032.599976,2026.082275,7287590,2052.373568,2077.237577,2021.166886,2047.077079,2040.512900,17335293.732484
2021-02-16,2039.75,2079.399902,2035,2059.5,2052.895996,9886093,2052.293672,2077.251262,2021.254438,2047.155705,2040.591274,17288146.892405
2021-02-17,2060,2095.949951,2050.600098,2083.25,2076.569824,10957388,2052.342139,2077.368864,2021.439002,2047.382713,2040.817554,17248330.798742
2021-02-18,2085,2108.399902,2059.100098,2067.699951,2061.06958,8605531,2052.546251,2077.562808,2021.674384,2047.509696,2040.944129,17194313.300000
2021-02-19,2057,2104.949951,2053.300049,2080.300049,2073.629395,10800704,2052.573914,2077.732915,2021.870816,2047.713363,2041.147143,17154601.440994
2021-02-22,2080,2089.899902,1994.949951,2008.099976,2001.660767,10985697,2052.743211,2077.808020,2021.704638,2047.468836,2040.903400,17116521.783951
2021-02-23,2048,2052.899902,2013.599976,2023.449951,2016.961548,11834752,2052.714111,2077.655209,2021.654916,2047.321481,2040.756518,17084118.288344
2021-02-24,2030,2065.25,2026.150024,2061,2054.391113,4987735,2052.575611,2077.579567,2021.682325,2047.404886,2040.839655,17010359.853659
2021-02-25,2076,2152,2073,2144.350098,2137.474121,16085897,2052.717577,2078.030600,2021.993342,2047.992433,2041.425319,17004757.048485
2021-02-26,2117,2133.899902,2070.699951,2085.800049,2079.111816,17297575,2053.104820,2078.367162,2022.286755,2048.220190,2041.652346,17006521.012048
2021-03-01,2110.199951,2112,2062.5,2101.699951,2094.960693,8159670,2053.446707,2078.568557,2022.527553,2048.540428,2041.971558,16953545.856287
2021-03-02,2122,2130,2089.100098,2106,2099.246826,7915073,2053.854762,2078.874696,2022.923818,2048.882449,2042.312482,16899745.422619
2021-03-03,2121.050049,2219.899902,2107.199951,2202.100098,2195.038818,14733134,2054.252368,2079.709165,2023.422493,2049.789063,2043.216188,16886925.236686
2021-03-04,2180,2189.949951,2157.699951,2175.850098,2168.873047,9892597,2054.992060,2080.357640,2024.212361,2050.530598,2043.955346,16845782.129412
2021-03-05,2156,2211.949951,2153.050049,2178.699951,2171.713623,11773630,2055.582749,2081.127186,2024.965797,2051.280126,2044.702470,16816120.421053
2021-03-08,2168.5,2231.899902,2168,2191.100098,2184.073975,9002404,2056.239245,2082.003771,2025.797392,2052.093033,2045.512770,16770691.837209
2021-03-09,2200,2213.800049,2146.600098,2191.050049,2184.02417,6993792,2057.070232,2082.765600,2026.495673,2052.896253,2046.313414,16714177.965318
2021-03-10,2207,2215.100098,2170.25,2181.949951,2174.953369,5316182,2057.931897,2083.526143,2027.321848,2053.637941,2047.052724,16648672.241379
2021-03-12,2195,2206.399902,2123.899902,2137.600098,2130.745605,7783173,2058.715144,2084.228278,2027.873722,2054.117725,2047.530969,16598012.245714
2021-03-15,2140.050049,2148.899902,2080.5,2108.899902,2102.137451,7706170,2059.177274,2084.595731,2028.172735,2054.428987,2047.841233,16547490.414773
2021-03-16,2114,2126,2095.5,2100.600098,2093.864258,6402757,2059.487007,2084.829653,2028.553115,2054.689841,2048.101250,16490175.536723
2021-03-17,2098.050049,2103,2035.099976,2055.350098,2048.759277,8865521,2059.703653,2084.931734,2028.589895,2054.693550,2048.104947,16447340.398876
2021-03-18,2072.899902,2084.800049,2001,2009.099976,2002.657593,9528809,2059.777375,2084.930998,2028.435762,2054.438837,2047.851051,16408689.385475
2021-03-19,1991,2095.850098,1982.800049,2082,2075.32373,19284892,2059.395279,2084.991660,2028.182230,2054.591955,2048.003677,16424668.288889
2021-03-22,2071,2074,2033.199951,2062.399902,2055.786621,8571196,2059.459393,2084.930932,2028.209952,2054.635093,2048.046677,16381278.939227
2021-03-23,2061.949951,2109.699951,2056,2087.5,2080.806152,8039865,2059.473077,2085.067026,2028.362645,2054.815669,2048.226674,16335446.994505
2021-03-24,2079.75,2079.75,2040.400024,2047.300049,2040.735107,7763726,2059.583880,2085.037971,2028.428423,2054.774600,2048.185736,16288606.989071
2021-03-25,2054,2054,1985,1991.449951,1985.064087,10153757,2059.553533,2084.869287,2028.192399,2054.430444,2047.842684,16255265.413043
2021-03-26,2012,2013.699951,1973.699951,1994.650024,1988.253906,9313160,2059.296487,2084.484587,2027.897845,2054.107307,2047.520582,16217740.518919
2021-03-30,2008,2048.899902,1991.550049,2029.300049,2022.792847,9433842,2059.020699,2084.293272,2027.702427,2053.973935,2047.387638,16181267.946237
2021-03-31,2018,2049.899902,1999,2003.099976,1996.676758,7499740,2058.801337,2084.109350,2027.548938,2053.701881,2047.116456,16134842.663102
2021-04-01,2018,2030,2003.150024,2021.849976,2015.366699,5410307,2058.584309,2083.821534,2027.419156,2053.532456,2046.947575,16077797.260638
2021-04-05,2024.949951,2025,1962.099976,1992.599976,1986.210449,6864856,2058.406349,2083.510309,2027.073552,2053.210062,2046.626214,16029051.539683
2021-04-06,2004,2004.949951,1969,1984.300049,1977.937134,6465241,2058.120000,2083.096834,2026.767902,2052.847378,2046.264693,15978715.694737
2021-04-07,2000,2046.900024,1993.300049,2002.849976,1996.427612,11198918,2057.815707,2082.907322,2026.592678,2052.585612,2046.003766,15953690.575916
2021-04-08,2011,2022,1993,2005.349976,1998.919556,7092878,2057.571875,2082.590096,2026.417716,2052.339593,2045.758535,15907540.510417
2021-04-09,1998.449951,2006.349976,1980,1982.050049,1975.694336,6478482,2057.265544,2082.195070,2026.177209,2051.975398,2045.395508,15858685.284974
2021-04-12,1959,1961.400024,1900.25,1911.150024,1905.021729,9646031,2056.759021,2081.572415,2025.528100,2051.249494,2044.671932,15826661.293814
2021-04-13,1924,1940.599976,1917.849976,1931.800049,1925.605469,8958261,2056.078205,2080.849479,2024.975905,2050.636933,2044.061335,15791438.728205
2021-04-15,1926.300049,1961,1913,1944.300049,1938.06543,9102492,2055.416072,2080.238002,2024.404599,2050.094398,2043.520540,15757311.448980
2021-04-16,1936.599976,1949.900024,1926.449951,1932.099976,1925.904541,7225679,2054.812944,2079.576388,2023.907367,2049.495441,2042.923504,15714003.670051
2021-04-19,1904,1916.400024,1890,1901.699951,1895.601929,8527967,2054.051263,2078.752265,2023.231067,2048.748999,2042.179456,15677710.555556
2021-04-20,1910.5,1919,1890.449951,1901.150024,1895.053833,7939490,2053.329900,2077.949490,2022.563826,2048.007296,2041.440131,15638825.025126
2021-04-22,1892.25,1914.449951,1876.699951,1906.400024,1900.286987,6687573,2052.524500,2077.131992,2021.834506,2047.299260,2040.734365,15594068.765000
2021-04-23,1906,1918.900024,1895.349976,1904.349976,1898.243408,5459016,2051.795523,2076.344768,2021.205230,2046.588069,2040.025455,15543645.616915
2021-04-26,1920,1962,1911.5,1937.849976,1931.635986,9620785,2051.143069,2075.778705,2020.662135,2046.049762,2039.488873,15514324.524752
2021-04-27,1940,1997.199951,1938.25,1988.650024,1982.273193,9226547,2050.595567,2075.391618,2020.256164,2045.767004,2039.207023,15483350.251232
2021-04-28,1997.849976,2008,1980.150024,1997.300049,1990.895508,7902002,2050.337010,2075.061267,2020.059565,2045.529421,2038.970202,15446186.779412
2021-04-29,2022.900024,2044.5,2007.300049,2024.050049,2017.559692,8035915,2050.203171,2074.912187,2019.997323,2045.424644,2038.865760,15410039.112195
2021-04-30,2008.5,2036,1987.550049,1994.5,1988.10437,9150974,2050.000728,2074.723293,2019.839812,2045.177437,2038.619346,15379655.300971
2021-05-03,1966,1979,1943.099976,1959.050049,1952.768188,10909942,2049.594928,2074.260862,2019.469089,2044.761363,2038.204606,15358062.483092
2021-05-04,1950,1967.800049,1911,1916.599976,1910.454224,10083693,2049.116106,2073.749031,2018.947603,2044.145202,2037.590421,15332704.937500
2021-05-05,1923.349976,1938.5,1908.050049,1920.099976,1913.942993,5719649,2048.514354,2073.101906,2018.416992,2043.551684,2036.998807,15286709.454545
2021-05-06,1921.849976,1935,1906.599976,1931,1924.807983,6749281,2047.911190,2072.444278,2017.884530,2043.015724,2036.464565,15246055.033333
2021-05-07,1937.75,1955.650024,1926,1931.75,1925.555664,5671163,2047.389099,2071.890751,2017.449059,2042.488398,2035.938930,15200676.398104
2021-05-10,1939,1946.800049,1920.949951,1926.199951,1920.023438,6433879,2046.877830,2071.300701,2016.993874,2041.939868,2035.392159,15159323.580189
2021-05-11,1915,1938.550049,1910,1933.150024,1926.951172,6220217,2046.258685,2070.677458,2016.491555,2041.429117,2034.883046,15117355.943662
2021-05-12,1930.099976,1932.900024,1907,1913.150024,1907.015259,6081627,2045.715888,2070.033638,2015.979913,2040.829682,2034.285533,15075132.911215
2021-05-14,1928.050049,1942,1906,1937.300049,1931.087891,6134079,2045.168605,2069.438133,2015.468378,2040.348149,2033.805544,15033546.613953
2021-05-17,1937.300049,1963.449951,1930.400024,1960.349976,1954.063843,5479424,2044.669213,2068.947447,2015.074543,2039.977787,2033.436370,14989314.564815
2021-05-18,1981,2002.599976,1972.5,1987.949951,1981.575317,5567958,2044.375807,2068.641698,2014.878347,2039.738028,2033.197379,14945898.175115
2021-05-19,1980,2016.449951,1972,1997.050049,1990.64624,7530294,2044.080505,2068.402287,2014.681657,2039.542211,2033.002190,14911881.642202
2021-05-20,1997.900024,2010.900024,1981,1985.400024,1979.033569,5271497,2043.869635,2068.139719,2014.527860,2039.294987,2032.755758,14867861.621005
2021-05-21,1992,2009.599976,1986,2002.550049,1996.128662,4977555,2043.633864,2067.873629,2014.398188,2039.127964,2032.589271,14822905.681818
2021-05-24,2008,2009.800049,1982,1985.650024,1979.282837,3946636,2043.472625,2067.610853,2014.251590,2038.885982,2032.348066,14773691.791855
2021-05-25,1996.400024,1997,1960,1963.150024,1956.85498,6821015,2043.260586,2067.292786,2014.007213,2038.544830,2032.008007,14737868.923423
2021-05-26,1975,1979.5,1965.300049,1970.050049,1963.73291,3452113,2042.954485,2066.899097,2013.788795,2038.237678,2031.701840,14687260.152466
2021-05-27,1970.300049,1993,1962.25,1976.099976,1969.763428,12377100,2042.630135,2066.569190,2013.558711,2037.960278,2031.425329,14676946.937500
2021-05-28,1990,2105,1990,2094.800049,2088.082764,26060864,2042.396223,2066.739993,2013.454006,2038.212899,2031.677140,14727542.124444
2021-05-31,2102,2191.699951,2085.050049,2160.300049,2153.372803,27285782,2042.659956,2067.292914,2013.770803,2038.753107,2032.215617,14783109.557522
2021-06-01,2166,2202,2146.5,2168.899902,2161.945068,12928379,2043.203305,2067.886337,2014.355513,2039.326441,2032.787112,14774938.938326
2021-06-02,2157,2209.5,2157,2201.25,2194.191406,11366816,2043.702413,2068.507449,2014.981147,2040.036632,2033.495026,14759991.030702
2021-06-03,2221,2250,2196.100098,2209.649902,2202.564453,11064116,2044.476638,2069.299993,2015.772059,2040.777302,2034.233320,14743851.838428
2021-06-04,2214.800049,2216.449951,2184.25,2190.5,2183.47583,6677278,2045.217175,2069.939776,2016.504572,2041.428270,2034.882201,14708779.778261
2021-06-07,2202,2242,2185,2227.399902,2220.257568,7539326,2045.895888,2070.684625,2017.233989,2042.233342,2035.684691,14677743.181818
2021-06-08,2226.600098,2227.149902,2198.149902,2214.600098,2207.498779,4464889,2046.674786,2071.359045,2018.013799,2042.976302,2036.425269,14633722.258621
2021-06-09,2219,2221,2157.949951,2175,2168.025635,5265326,2047.414379,2072.001280,2018.614384,2043.542927,2036.990078,14593514.549356
2021-06-10,2193.399902,2230,2177.550049,2183,2176,6532832,2048.038249,2072.676489,2019.293596,2044.138898,2037.584137,14559067.188034
2021-06-11,2182.899902,2228,2180.100098,2213.149902,2213.149902,6351520,2048.612128,2073.337440,2019.977879,2044.858094,2038.331226,14524141.455319
2021-06-14,2215,2258.25,2195.050049,2244.899902,2244.899902,9383416,2049.317161,2074.120968,2020.719710,2045.705728,2039.206517,14502358.720339
2021-06-15,2261,2274.899902,2240.300049,2250,2250,7002898,2050.210338,2074.968136,2021.646209,2046.567729,2040.095941,14470715.426160
2021-06-16,2244.899902,2247.050049,2205.850098,2211.600098,2211.600098,4982975,2051.028361,2075.691169,2022.420175,2047.261143,2040.816546,14430850.970588
2021-06-17,2200,2235,2179.899902,2215.649902,2215.649902,7266765,2051.651674,2076.357733,2023.079086,2047.965698,2041.548067,14400875.715481
2021-06-18,2225.5,2235,2184.350098,2225.649902,2225.649902,13553801,2052.376042,2077.018743,2023.751049,2048.706049,2042.315158,14397346.237500
2021-06-21,2203.5,2247.5,2200.149902,2237.25,2237.25,5624044,2053.003112,2077.726134,2024.482994,2049.488389,2043.124016,14360942.493776
2021-06-22,2254,2261,2219.350098,2225.75,2225.75,5940386,2053.833678,2078.483464,2025.288230,2050.216743,2043.878669,14326146.805785
2021-06-23,2250,2250.600098,2201.699951,2205.350098,2205.350098,7685796,2054.640947,2079.191763,2026.014204,2050.855152,2044.543160,14298820.259259
2021-06-24,2206.850098,2214.600098,2140,2153.5,2153.5,42209687,2055.264755,2079.746715,2026.481359,2051.275827,2044.989705,14413209.057377
2021-06-25,2153.5,2153.5,2081.100098,2104.449951,2104.449951,25546334,2055.665715,2080.047749,2026.704293,2051.492865,2045.232399,14458650.383673
2021-06-28,2122,2126.5,2081,2086,2086,9357852,2055.935366,2080.236579,2026.925007,2051.633138,2045.398121,14437915.430894
2021-06-29,2089.5,2109,2084.100098,2087.800049,2087.800049,12526981,2056.071255,2080.353030,2027.156485,2051.779562,2045.569789,14430178.854251
2021-06-30,2096.25,2122.649902,2091.050049,2110.649902,2110.649902,9120556,2056.233267,2080.523582,2027.414121,2052.016943,2045.832209,14408769.084677
2021-07-01,2118,2123.149902,2095,2097.949951,2097.949951,5784627,2056.481326,2080.694772,2027.685550,2052.201413,2046.041517,14374133.975904
2021-07-02,2097,2132.899902,2092.949951,2129.050049,2129.050049,6500973,2056.643400,2080.903593,2027.946607,2052.508807,2046.373551,14342641.332000
2021-07-05,2136.449951,2153.550049,2131.5,2150.199951,2150.199951,5400604,2056.961355,2081.193021,2028.359171,2052.898015,2046.787202,14307015.685259
2021-07-06,2144.949951,2148.899902,2120.199951,2124.800049,2124.800049,4646312,2057.310516,2081.461699,2028.723618,2053.183340,2047.096777,14268679.559524
